{"浦东新区":{"name":"浦东新区","cases":8,"asymptomaticCases":127,"addressWithLocation":[["利津路1313弄",31.28850478291173,121.59914510106708],["首善街555弄",30.98105678672729,121.88004074250964],["汇南村",31.041389909445435,121.74898102284259],["乐城路32弄",31.036382742336368,121.60201231259384],["西北新邨",31.05536596351949,121.75830821878324],["联勤村李家宅",31.173231011079945,121.55718596934042],["下南路339弄",31.17679107417024,121.55064127471694],["夏碧路80弄",31.346345388241872,121.59572201809077],["听悦路685弄",31.060350004053333,121.74498086840666],["浦建路60弄",31.213159230587877,121.52445369282894],["草高支路656弄",31.357584281339832,121.57910821700592],["海沈村",31.032342067589873,121.80462233562228],["兰花小区99弄",31.211209732229833,121.55409804414987],["草高支路766弄",31.35788609120189,121.57668836162316],["高青路4567弄",31.1769905078571,121.5692836293044],["行泰路281弄",31.295513561735028,121.61568973262766],["听谐路86弄",31.062571836742553,121.75728900135162],["园艺村",30.98565359034931,121.76325833129599],["栖山路1876弄",31.26737165620498,121.57928653064965],["项埭村",31.053704919003106,121.71448007261252],["勤丰村",31.05337598586837,121.77460662480352],["惠东村",31.046320700815905,121.7830716271157],["高东二路118弄",31.32990867036808,121.63203026917635],["东靖路2562号",31.299085173439668,121.62591289848396],["行泰路150弄",31.295245646775623,121.61433778283515],["拱乐路698弄",31.06964198907137,121.77709385309956],["柴场村",31.186753897798436,121.73266366257604],["长岛路728弄",31.26588698269551,121.592831001468],["拱海路78弄",31.075680123945464,121.75075122368055],["华夏东路1152弄",31.202613202750292,121.68058413114343],["华夏东路2345弄",31.206484796404514,121.70462197811548],["云汉路977弄",30.91701025934903,121.81344315674696],["巨峰路758弄",31.285179725908556,121.60845873259454],["莱阳路451弄",31.282158997327386,121.5892918574198],["张杨北路555弄",31.27206427314543,121.59349026788176],["博山东路811弄",31.26450183203205,121.58346877161246],["栖山路1700弄",31.26538331496652,121.57584134935779],["迎薰路222弄",31.041651588902802,121.74548850085034],["鹤驰路99弄",31.084967271555595,121.59974166575626],["成山路2388弄",31.1782385421865,121.51578252940224],["北中路408弄",31.19052327819073,121.56763721496571],["联勤村杨莲路冯家宅",31.171212397581485,121.55744791522713],["三杨新村一街坊",31.160347149561034,121.4955228655746],["凉亭路91弄",31.112047579081953,121.76888810175755],["建中路285弄",31.04149294146747,121.84718297271841],["东书房路560弄",31.167733309908424,121.54307367960921],["闵家浜路70弄",31.227348292436346,121.55045460683195],["人民东路2729弄",31.05528398314829,121.77888067258945],["拱北路278弄",31.06263795730909,121.78184552992512],["俱进路285弄",31.306102336581564,121.61465964569936],["龙三路84弄",31.224485268532376,121.60226770085032],["鹏岳路152弄",31.177214966797443,121.56093334060584],["永泰路630弄",31.145365857319558,121.52411305537956],["城南路1259号",31.19764211026734,121.70612160933383],["城南路918弄",31.19764211026734,121.70612160933383],["远东村",31.046363241856337,121.81004783141088],["福缘路58号",31.04252317814328,121.76307399900534],["中界村陈家宅",31.194288722916138,121.58044220068824],["上南路2985号",31.171069881038502,121.50405245605295],["清溪路400弄",31.347204972969724,121.57769868583021],["季景北路王家街",31.35420201670332,121.58682214608122],["南泉小区",31.218927497401634,121.52868453211984],["康沈路1548号",31.12473141541819,121.58165590126276],["姜薛家宅",31.26777484439184,121.66888954086177],["张杨北路588弄",31.275260170384,121.59521528395258],["东陆路807号",31.28235234293147,121.59805096495593],["上浦路202弄",31.150139999629182,121.49871723996809],["高斯路1296弄",31.205968685823215,121.62431526213446],["高宝路68弄",31.29737066259963,121.62729152795012],["黄路村",31.03629734180501,121.7711685401252],["城西路106号",31.051210628974378,121.7556839090664],["人民西路1533弄",31.053280159610996,121.73369689357362],["东陆路1456弄",31.27343889504289,121.60756761352864],["杨高北路3885弄",31.28989914383082,121.614215972608],["顾高路1308号",31.301347020633628,121.64618980977738],["拱极路2626弄",31.059723736279423,121.77962491870447],["上游村卢家宅",31.11527776809923,121.70936539053037],["南园路226弄",31.037941133736833,121.75278435854129],["行德路141弄",31.3000275778643,121.61784243195176],["东沟二村",31.29950604377688,121.58379027515448],["惠东路147号",31.050611525479226,121.77188682521097],["桥北村",31.022963080371614,121.80671134508573],["凌兆路99弄",31.147618905696845,121.49790094975117],["博华路999弄",31.17680629046571,121.55711392523853],["杨高中路10弄",31.263420011224802,121.60637358584478],["莲溪路477弄",31.188669692145115,121.56832540681691]]},"黄浦区":{"name":"黄浦区","cases":0,"asymptomaticCases":36,"addressWithLocation":[["中山南一路247弄",31.20630496106852,121.49296071859904],["鲁班路721弄",31.202508107897504,121.48468633671608],["鲁班路388弄",31.207353004735936,121.481238999491],["顺昌路612弄27号",31.220331389007576,121.4855653286576],["徐家汇路515弄",31.21471986553092,121.48274051715093],["吉安路157号",31.225114838681478,121.48724003961985],["局门后路85弄",31.214345865246077,121.48734954306151],["西藏南路688弄",31.222731250636816,121.4895768915735],["方斜路534号",31.218438786243258,121.48921954564165],["斜土路486弄",31.20840937579005,121.48399823469545],["建德路1号",31.216068462326337,121.47467445231571],["五里桥路39弄",31.210184818283842,121.48982132050276],["合肥路349弄",31.21992784181149,121.4798670174856],["丽园路873号",31.212775263924414,121.48254324926093],["丽园路875号",31.212645009844376,121.48247937973917],["黄陂南路506弄",31.223976205280724,121.48232963221066],["瞿溪路904弄",31.20580761302777,121.4856468947979],["长乐路169弄",31.227226936462426,121.46880061224708],["香港路55号",31.248302147886616,121.49387986479685],["唐家湾路158号",31.21973328619964,121.4880308179603],["兴安路98弄",31.227265458509372,121.47735140273545],["蒙自西路28弄3号",31.212915864005417,121.48257010859568],["茂名南路9弄",31.23724715206362,121.49158559252436],["泰康路268号",31.213655227019625,121.47499793212988]]},"静安区":{"name":"静安区","cases":0,"asymptomaticCases":15,"addressWithLocation":[["长临路380弄",31.323083937507203,121.44183240287093],["茂名北路93号",31.231446202920715,121.46631140767893],["长宁路209弄",31.2324453328046,121.43461263165669],["万荣路948号",31.29315714885991,121.44844357210216],["新闸路777弄",31.242451636335552,121.4671822250403],["奉贤路68弄",31.24214173425636,121.46433378809871],["灵石路817弄",31.28756596526942,121.44094056516062],["普善路239弄",31.26329530663027,121.46395694893728],["中山北路899弄",31.268675047373453,121.46215180401498],["柳营路1085号",31.266875558725932,121.45562130261854],["普善路390弄",31.26632436193742,121.46037306927467],["柳营路1025弄",31.268273869351653,121.45655976238481],["高平路809弄",31.29734281484513,121.43385230587303]]},"徐汇区":{"name":"徐汇区","cases":0,"asymptomaticCases":61,